page,title,content
1,"赚一百万","一年时间就可以  

1. 每年收入10W与每年收入100W所需要的思维方式截然不同。年入10W，只需努力工作，成为高管或个体户，途径多种多样。 

   然而，如果你想实现年入100W，那你几乎只能走一条路：做生意。  

   做生意究竟是什么？其实很简单，就是销售产品，而通过销售获得的不是薪水，而是利润。想要一年内实现100W的收入，纯利润目标也需达到100W。"
2,"赚一百万","2. 假设你拥有一个产品，单笔利润为300元。若一个月出售300个产品，一年便可赚取100W。但是，这个目标依然模糊且难以实现。  

   你是否意识到，我们的思维方式已经初步转变，从最初设定年赚100万，到现在只需每月卖出300个产品。  

3. 尽管如此，这个目标仍然比较模糊，因此我们需进一步推演。怎样才能实现每月成交300单呢？我们需要进行转化率的预估。"
3,"赚一百万","假设行业内的成交率大约为10%，那么每100个潜在客户就能达成10个成交。因此，每月需要引流3000个潜在客户，才能实现300个成交。此时我们的目标也变得更清晰，从一年赚100万，转向每月引流3000个潜在客户。  

4. 然而，这个目标依旧不够具体。我们继续探讨，如何实现每月引流3000用户？ 

   只有找到答案，才算是真正的行动步骤。"
4,"赚一百万","获取流量主要有两种方式：提供优质内容或花钱购买。选择花钱购买不适合初学者，所以最佳方式是做内容。 

   你可以在某乎上撰写文章，或在某红薯平台上发布作品，甚至进行某音直播。只有持续不断地创造价值，才能源源不断地获取流量。此时的目标愈发清晰，从年赚100W调整为每天进行内容输出。  

5. 那么，如何创造内容呢？  

   内容的核心只有一个，那就是文案。"
5,"赚一百万","制作视频需要脚本，进行直播同样需要话术。可以从每天写10篇文案开始，逐步测试效果，若效果显著，便可以放大与优化。  

   如此一来，一个目标经过多次分解，逐渐转变为可落地的行动步骤，明确卖点，持续内容输出。接下来就是认真执行，赚钱便水到渠成。  

请永远牢记这句话：  

所有商业与创业的本质其实就是推销产品、商业模式、个人形象以及所有可以交易的东西！"
6,"赚一百万","这是我多年来在互联网创业过程中总结出来的真理。"